登録日,時間,曜日,過去に参加申込したことがありますか？,食生活アドバイザー(R)会員ですか？,氏名,フリガナ,生年月日,性別,郵便番号,都道府県,市区町村,番地,建物名・様方,勤務先名,部署名,電話番号先,電話番号,メールアドレス,イベント1,イベント2,イベント3,イベント4,イベント5,イベント6,イベント7,イベント8,イベント9,イベント10,イベント11,イベント12,イベント13,イベント14,イベント15,イベント16,イベント17,イベント18,イベント19,イベント20
2021/02/10,1730,水曜日,はい,はい,石井 一成,イシイ カズナリ,1988/04/05,男性,7010165,岡山県,岡山市北区大内田,６７５,テレポート岡山4F,ワールドワイドシステム,システム部,自宅,086-293-2934,ishii-k@ww-system.com,食アド(R)通学制合格指導口座,,2021年 8月 2日（祝） 鹿児島  イベントタイトル,,,2021年 8月 5日（祝） 鹿児島  イベントタイトル,,,,,,,,,,,,,,
2021/02/12,1328,金曜日,はい,はい,新垣 貴久,アラカキ タカヒサ,1939/03/20,男性,1420021,岐阜県,品川区,品川,品川ビル,,,自宅,03-5421-7925,arakaki@ww-system.com,食アド(R)通学制合格指導講座,2021年 8月 1日（祝） 鹿児島  イベントタイトル,,,,,,,,,,,,,,,,,,
2021/02/12,1650,金曜日,いいえ,いいえ,小川 川和,オガワ カズキ,1994/10/28,男性,2410005,神奈川県,横浜市,2丁目,,ガリバー,営業,携帯・PHS,080-3587-4378,@,食アド(R)通学制合格指導講座,,,,,,,,,,,,,,,,,,,
2021/02/15,920,月曜日,いいえ,いいえ,テスト テスト,テスト テスト,1988/12/05,男性,1600023,東京都,新宿区西新宿,7-15-10,大山ヒ゛ル2F,,,会社,0120-86-3593,inaba@flanet.jp,食アド(R)通学制合格指導講座,2021年 8月 1日（祝） 鹿児島  イベントタイトル,,,,,,,,,,,,,,,,,,
2021/02/15,1213,月曜日,はい,はい,新垣 貴久,アラカキ タカヒサ,1926/01/01,男性,1420021,岐阜県,新宿区,新宿,テストビル,勤務先,部署名,自宅,03-0000-0000,arakaki@ww-system.com,,2021年 8月 1日（祝） 鹿児島  イベントタイトル,,,,,,,,,,,,,,,,,,
2021/02/15,1727,月曜日,はい,はい,てすと テスト,テスト テスト,1969/04/18,男性,7010165,岡山県,岡山市北区,大内田６７５,,,,自宅,086-293-2934,@
2021/02/15,1730,月曜日,はい,はい,てすと テスト,テスト テスト,1969/04/18,男性,7010165,岡山県,岡山市北区,大内田６７５,,,,自宅,086-293-2934,@,食アド(R)通学制合格指導講座,2021年 8月 2日（祝） 鹿児島  イベントタイトル,2021年 8月 4日（祝） 鹿児島  イベントタイトル
2021/02/18,940,木曜日,いいえ,いいえ,テスト テスト,テスト テスト,1999/10/31,女性,1600023,東京都,新宿区西新宿,7-15-10,大山ヒ゛ル2F,,,会社,0120-86-3593,inaba@flanet.jp,食アド(R)通学制合格指導講座,2021年 8月 2日（祝） 鹿児島  イベントタイトル,2021年 8月 4日（祝） 鹿児島  イベントタイトル
2021/02/24,931,水曜日,いいえ,いいえ,テスト テスト,テスト テスト,1988/12/05,男性,1600023,東京都,新宿区西新宿,7-15-10,大山ヒ゛ル2F,,,会社,0120-86-3593,inaba@flanet.jp,食アド(R)通学制合格指導講座
2021/02/25,110,木曜日,はい,はい,テスト テスト,テスト テスト,2000/09/15,男性,1111111,東京都,テスト,テスト,テスト,テスト,,会社,03-1111-1111,soga@gulliver.co.jp,食アド(R)通学制合格指導講座
2021/02/25,1639,木曜日,いいえ,いいえ,テスト テスト,テスト テスト,1975/09/07,男性,1111111,東京都,テスト,テスト,テスト,テスト,テスト,会社,03-1111-1111,soga@gulliver.co.jp,食アド(R)通学制合格指導講座
2021/02/26,849,金曜日,はい,いいえ,テスト テスト,テスト テスト,1986/09/06,男性,1111111,東京都,テスト,テスト,テスト,テスト,テスト,会社,03-1111-1111,soga@gulliver.co.jp,食アド(R)通学制合格指導講座
